refId,atShard
44372553,0
44380020,0
44380488,0
44386032,0
44386697,0
44386976,0
44390397,0
44390825,0
44390941,0
44391195,0
44391482,0
44391888,0
44393929,0
44395810,0
44414064,0
44419752,0
44419885,0
44419967,0
44421329,0
44424106,0
44428605,0
44450224,0
44457761,0
44457793,0
44458345,0
44459207,0
44461523,0
44461592,0
44480664,1
44481027,1
44490131,1
44560626,1
44561982,1
44562136,1
44594200,1
44594320,1
44692581,2
44693378,2
44710487,3
44758433,3
44758525,3
44791168,4
45103161,5
45103615,5